{"loss":0.43645134568214417,"precision_0":0.9148305058479309,"precision_1":0.9935822486877441,"recall_0":0.9987278580665588,"recall_1":0.6792979836463928,"f1_0":0.9549400210380554,"f1_1":0.8069177865982056,"f1_gain_0":0.8372481465339661,"f1_gain_1":0.9306252002716064,"accuracy":0.8390129208564758,"f1_micro":0.9269320368766785,"f1_macro":0.8809288740158081,"mcc":0.7848104238510132,"f1_gain_macro":0.8839366436004639,"cohens_kappa":0.7638033628463745,"aupr_0":0.9862357713075642,"auprg_0":0.15436163936129108,"aupr_1":0.9081589822918241,"auprg_1":0.9801672288934886,"macro_aupr":0.9471973767996942,"macro_auprg":0.5672644341273898}