{"loss":0.43717634677886963,"precision_0":0.9117305278778076,"precision_1":0.9928698539733887,"recall_0":0.9986122250556946,"recall_1":0.6665337085723877,"f1_0":0.9531956911087036,"f1_1":0.7976133823394775,"f1_gain_0":0.8306384086608887,"f1_gain_1":0.926433801651001,"accuracy":0.8325729370117188,"f1_micro":0.9239734411239624,"f1_macro":0.8754045367240906,"mcc":0.775687575340271,"f1_gain_macro":0.8785361051559448,"cohens_kappa":0.7530180811882019,"aupr_0":0.9863831781115221,"auprg_0":0.1493873787578278,"aupr_1":0.9066852469739981,"auprg_1":0.9799056865751495,"macro_aupr":0.94653421254276,"macro_auprg":0.5646465326664887}