{"precision_0":0.7837329506874084,"precision_1":0.22676415741443634,"recall_0":0.19278362393379211,"recall_1":0.8165137767791748,"f1_0":0.3094486594200134,"f1_1":0.35495057702064514,"f1_gain_0":-1.0,"f1_gain_1":0.47311729192733765,"accuracy":0.5046486854553223,"f1_micro":0.33297473192214966,"f1_macro":0.3321996331214905,"mcc":0.009879101999104023,"f1_gain_macro":-0.2634413540363312,"cohens_kappa":0.004833996295928955,"aupr_0":0.7759700322943994,"auprg_0":-0.013729853537274746,"aupr_1":0.21577752551647766,"auprg_1":-0.04109013699510201,"macro_aupr":0.49587377890543854,"macro_auprg":-0.027409995266188376,"loss":0.6954415440559387}