{"precision_0":0.7876021265983582,"precision_1":0.2275983691215515,"recall_0":0.18954551219940186,"recall_1":0.8236936330795288,"f1_0":0.3055555522441864,"f1_1":0.35664939880371094,"f1_gain_0":-1.0,"f1_gain_1":0.47700798511505127,"accuracy":0.5066195726394653,"f1_micro":0.3320781886577606,"f1_macro":0.33110249042510986,"mcc":0.014185919426381588,"f1_gain_macro":-0.26149600744247437,"cohens_kappa":0.006860136985778809,"aupr_0":0.7758833044601126,"auprg_0":-0.011137598424491647,"aupr_1":0.21852535403620407,"auprg_1":-0.02794465986539316,"macro_aupr":0.4972043292481583,"macro_auprg":-0.019541129144942403,"loss":0.6954042911529541}