{"precision_0":0.7869709730148315,"precision_1":0.2274886816740036,"recall_0":0.1913958638906479,"recall_1":0.8213003873825073,"f1_0":0.30790698528289795,"f1_1":0.3562900125980377,"f1_gain_0":-1.0,"f1_gain_1":0.47618797421455383,"accuracy":0.5063481330871582,"f1_micro":0.33297473192214966,"f1_macro":0.33209848403930664,"mcc":0.013549335300922394,"f1_gain_macro":-0.2619060277938843,"cohens_kappa":0.00658947229385376,"aupr_0":0.7768554264915581,"auprg_0":-0.010226780284795803,"aupr_1":0.21920305086394437,"auprg_1":-0.02047614860889978,"macro_aupr":0.4980292386777513,"macro_auprg":-0.015351464446847792,"loss":0.6953398585319519}