{"loss":0.43574440479278564,"precision_0":0.9171805381774902,"precision_1":0.9885583519935608,"recall_0":0.997687041759491,"recall_1":0.68927001953125,"f1_0":0.9557414054870605,"f1_1":0.8122209310531616,"f1_gain_0":0.8402767181396484,"f1_gain_1":0.9329711198806763,"accuracy":0.8434785604476929,"f1_micro":0.928366482257843,"f1_macro":0.8839811682701111,"mcc":0.788798987865448,"f1_gain_macro":0.8866239190101624,"cohens_kappa":0.7696895599365234,"aupr_0":0.9867384595797306,"auprg_0":0.1620046974054511,"aupr_1":0.9111528074376811,"auprg_1":0.9811240242768416,"macro_aupr":0.9489456335087059,"macro_auprg":0.5715643608411464}