{"precision_0":0.7880228161811829,"precision_1":0.22773480415344238,"recall_0":0.19174280762672424,"recall_1":0.8220981359481812,"f1_0":0.30843642354011536,"f1_1":0.3566669523715973,"f1_gain_0":-1.0,"f1_gain_1":0.47704797983169556,"accuracy":0.5069204568862915,"f1_micro":0.333422988653183,"f1_macro":0.3325516879558563,"mcc":0.014768212102353573,"f1_gain_macro":-0.2614760100841522,"cohens_kappa":0.007184088230133057,"aupr_0":0.7780301629001997,"auprg_0":-0.0030254269187990138,"aupr_1":0.220705228831542,"auprg_1":-0.010432637751510779,"macro_aupr":0.4993676958658708,"macro_auprg":-0.006729032335154896,"loss":0.6952632069587708}