{"precision_0":0.0,"precision_1":0.2248520702123642,"recall_0":0.0,"recall_1":1.0,"f1_0":0.0,"f1_1":0.3671497702598572,"f1_gain_0":-1.0,"f1_gain_1":0.5000000596046448,"accuracy":0.5,"f1_micro":0.2248520702123642,"f1_macro":0.1835748851299286,"mcc":0.0,"f1_gain_macro":-0.2499999701976776,"cohens_kappa":0.0,"aupr_0":0.7059414010430055,"auprg_0":-0.06334204057074753,"aupr_1":0.17460187752411532,"auprg_1":-0.45668604368603055,"macro_aupr":0.4402716392835604,"macro_auprg":-0.260014042128389,"loss":0.7064653038978577}