{"loss":0.4361873269081116,"precision_0":0.9160556793212891,"precision_1":0.9856569170951843,"recall_0":0.997108519077301,"recall_1":0.6850079894065857,"f1_0":0.9548651576042175,"f1_1":0.8082804083824158,"f1_gain_0":0.8370487689971924,"f1_gain_1":0.9311955571174622,"accuracy":0.8410582542419434,"f1_micro":0.9269320368766785,"f1_macro":0.8815727829933167,"mcc":0.7842661142349243,"f1_gain_macro":0.8841221332550049,"cohens_kappa":0.7649376392364502,"aupr_0":0.985999370207265,"auprg_0":0.18333955341180036,"aupr_1":0.9043060608286334,"auprg_1":0.9804658276994614,"macro_aupr":0.9451527155179492,"macro_auprg":0.5819026905556309}