{"loss":{"values":[0.4361873269081116,0.43717634677886963,0.436275452375412,0.43574440479278564,0.43645134568214417],"mean":0.4363669753074646,"std":0.000522121787071228,"se":0.00023349996168498734,"ub":0.43686476144922487,"lb":0.43586918916570433},"precision_0":{"values":[0.9160556793212891,0.9117305278778076,0.9170120358467102,0.9171805381774902,0.9148305058479309],"mean":0.915361762046814,"std":0.002235003747045994,"se":0.0009995240616723173,"ub":0.9174925942005583,"lb":0.9132309298930696},"precision_1":{"values":[0.9856569170951843,0.9928698539733887,0.9902467131614685,0.9885583519935608,0.9935822486877441],"mean":0.9901828765869141,"std":0.0032366279046982527,"se":0.0014474640025556008,"ub":0.9932686480618623,"lb":0.9870971051119658},"recall_0":{"values":[0.997108519077301,0.9986122250556946,0.9980340003967285,0.997687041759491,0.9987278580665588],"mean":0.998033881187439,"std":0.0006694546900689602,"se":0.00029938923897004964,"ub":0.998672133172904,"lb":0.9973956292019739},"recall_1":{"values":[0.6850079894065857,0.6665337085723877,0.6884722709655762,0.68927001953125,0.6792979836463928],"mean":0.6817163825035095,"std":0.009352758526802063,"se":0.00418268076861404,"ub":0.6906332170374365,"lb":0.6727995479695825},"f1_0":{"values":[0.9548651576042175,0.9531956911087036,0.9558090567588806,0.9557414054870605,0.9549400210380554],"mean":0.9549102783203125,"std":0.001053720130585134,"se":0.00047123796824966296,"ub":0.955914885466169,"lb":0.953905671174456},"f1_1":{"values":[0.8082804083824158,0.7976133823394775,0.8122352957725525,0.8122209310531616,0.8069177865982056],"mean":0.8074535131454468,"std":0.005987333599478006,"se":0.002677616986480264,"ub":0.8131617822997261,"lb":0.8017452439911674},"f1_gain_0":{"values":[0.8370487689971924,0.8306384086608887,0.840532124042511,0.8402767181396484,0.8372481465339661],"mean":0.8371488451957703,"std":0.003988603129982948,"se":0.0017837575467820603,"ub":0.840951542980562,"lb":0.8333461474109786},"f1_gain_1":{"values":[0.9311955571174622,0.926433801651001,0.9329774975776672,0.9329711198806763,0.9306252002716064],"mean":0.9308406114578247,"std":0.002678512129932642,"se":0.0011978670402174273,"ub":0.933394280451981,"lb":0.9282869424636684},"accuracy":{"values":[0.8410582542419434,0.8325729370117188,0.8432531356811523,0.8434785604476929,0.8390129208564758],"mean":0.8398751020431519,"std":0.0044682445004582405,"se":0.0019982596886228433,"ub":0.8441350855286165,"lb":0.8356151185576872},"f1_micro":{"values":[0.9269320368766785,0.9239734411239624,0.92845618724823,0.928366482257843,0.9269320368766785],"mean":0.9269320368766785,"std":0.0018120401073247194,"se":0.0008103689715868174,"ub":0.9286596193604506,"lb":0.9252044543929063},"f1_macro":{"values":[0.8815727829933167,0.8754045367240906,0.8840221762657166,0.8839811682701111,0.8809288740158081],"mean":0.8811818957328796,"std":0.003517734119668603,"se":0.0015731785236698752,"ub":0.8845356713050326,"lb":0.8778281201607266},"mcc":{"values":[0.7842661142349243,0.775687575340271,0.7892012000083923,0.788798987865448,0.7848104238510132],"mean":0.7845529317855835,"std":0.005440094042569399,"se":0.002432884016635362,"ub":0.789739467745812,"lb":0.7793663958253549},"f1_gain_macro":{"values":[0.8841221332550049,0.8785361051559448,0.8867548108100891,0.8866239190101624,0.8839366436004639],"mean":0.8839947581291199,"std":0.003329672385007143,"se":0.0014890747591359645,"ub":0.887169237361553,"lb":0.8808202788966868},"cohens_kappa":{"values":[0.7649376392364502,0.7530180811882019,0.7697951793670654,0.7696895599365234,0.7638033628463745],"mean":0.7642487287521362,"std":0.0068404339253902435,"se":0.0030591350505536617,"ub":0.7707703359633321,"lb":0.7577271215409404},"aupr_0":{"values":[0.985999370207265,0.9863831781115221,0.9856133677090733,0.9867384595797306,0.9862357713075642],"mean":0.986194029383031,"std":0.0004210059510105536,"se":0.00018827958507830882,"ub":0.9865954126104716,"lb":0.9857926461555905},"auprg_0":{"values":[0.18333955341180036,0.1493873787578278,0.17373593405567542,0.1620046974054511,0.15436163936129108],"mean":0.16456584059840915,"std":0.013942863658545085,"se":0.006235438188303645,"ub":0.17785883943036565,"lb":0.15127284176645264},"aupr_1":{"values":[0.9043060608286334,0.9066852469739981,0.9041085100906696,0.9111528074376811,0.9081589822918241],"mean":0.9068823215245612,"std":0.0029256153229480523,"se":0.001308374947625369,"ub":0.9096715764454374,"lb":0.9040930666036849},"auprg_1":{"values":[0.9804658276994614,0.9799056865751495,0.9792759625682362,0.9811240242768416,0.9801672288934886],"mean":0.9801877460026354,"std":0.0006828751607187079,"se":0.000305391055902625,"ub":0.9808387929422102,"lb":0.9795366990630605},"macro_aupr":{"values":[0.9451527155179492,0.94653421254276,0.9448609388998714,0.9489456335087059,0.9471973767996942],"mean":0.9465381754537961,"std":0.001655523942510766,"se":0.0007403728147665052,"ub":0.948116536855945,"lb":0.9449598140516473},"macro_auprg":{"values":[0.5819026905556309,0.5646465326664887,0.5765059483119558,0.5715643608411464,0.5672644341273898],"mean":0.5723767933005223,"std":0.006970398695727202,"se":0.003117257062784379,"ub":0.5790223077364169,"lb":0.5657312788646276}}