{"precision_0":{"values":[0.0,0.7876021265983582,0.7869709730148315,0.7880228161811829,0.7837329506874084],"mean":0.6292657256126404,"std":0.35177430510520935,"se":0.15731825179059988,"ub":0.9646441343378828,"lb":0.293887316887398},"precision_1":{"values":[0.2248520702123642,0.2275983691215515,0.2274886816740036,0.22773480415344238,0.22676415741443634],"mean":0.22688761353492737,"std":0.001198213896714151,"se":0.0005358575449275506,"ub":0.22802997971733593,"lb":0.2257452473525188},"recall_0":{"values":[0.0,0.18954551219940186,0.1913958638906479,0.19174280762672424,0.19278362393379211],"mean":0.15309354662895203,"std":0.08558988571166992,"se":0.03827696052754638,"ub":0.23469416172893798,"lb":0.07149293152896606},"recall_1":{"values":[1.0,0.8236936330795288,0.8213003873825073,0.8220981359481812,0.8165137767791748],"mean":0.8567212224006653,"std":0.08013997226953506,"se":0.035839685141925696,"ub":0.9331259398145856,"lb":0.780316504986745},"f1_0":{"values":[0.0,0.3055555522441864,0.30790698528289795,0.30843642354011536,0.3094486594200134],"mean":0.24626950919628143,"std":0.13767626881599426,"se":0.06157069919221953,"ub":0.37752880609383954,"lb":0.11501021229872332},"f1_1":{"values":[0.3671497702598572,0.35664939880371094,0.3562900125980377,0.3566669523715973,0.35495057702064514],"mean":0.3583413362503052,"std":0.00497392937541008,"se":0.0022244088397400017,"ub":0.3630834350756809,"lb":0.35359923742492944},"f1_gain_0":{"values":[-1.0,-1.0,-1.0,-1.0,-1.0],"mean":-1.0,"std":0.0,"se":0.0,"ub":-1.0,"lb":-1.0},"f1_gain_1":{"values":[0.5000000596046448,0.47700798511505127,0.47618797421455383,0.47704797983169556,0.47311729192733765],"mean":0.48067227005958557,"std":0.01092374138534069,"se":0.004885245661249902,"ub":0.4910868652985583,"lb":0.47025767482061287},"accuracy":{"values":[0.5,0.5066195726394653,0.5063481330871582,0.5069204568862915,0.5046486854553223],"mean":0.5049073100090027,"std":0.002881369087845087,"se":0.0012885874297376356,"ub":0.5076543809735593,"lb":0.5021602390444461},"f1_micro":{"values":[0.2248520702123642,0.3320781886577606,0.33297473192214966,0.333422988653183,0.33297473192214966],"mean":0.31126052141189575,"std":0.04830627515912056,"se":0.021603222999120607,"ub":0.3573152828290611,"lb":0.2652057599947304},"f1_macro":{"values":[0.1835748851299286,0.33110249042510986,0.33209848403930664,0.3325516879558563,0.3321996331214905],"mean":0.3023054301738739,"std":0.06637457758188248,"se":0.029683613490184564,"ub":0.3655863460513543,"lb":0.2390245142963935},"mcc":{"values":[0.0,0.014185919426381588,0.013549335300922394,0.014768212102353573,0.009879101999104023],"mean":0.010476513765752316,"std":0.00615903502330184,"se":0.002754404197580983,"ub":0.0163484814888645,"lb":0.004604546042640131},"f1_gain_macro":{"values":[-0.2499999701976776,-0.26149600744247437,-0.2619060277938843,-0.2614760100841522,-0.2634413540363312],"mean":-0.2596638798713684,"std":0.005461872089654207,"se":0.0024426234553751266,"ub":-0.25445658092001044,"lb":-0.26487117882272637},"cohens_kappa":{"values":[0.0,0.006860136985778809,0.00658947229385376,0.007184088230133057,0.004833996295928955],"mean":0.0050935386680066586,"std":0.0029891713056713343,"se":0.0013367980471745812,"ub":0.007943387282172427,"lb":0.0022436900538408897},"aupr_0":{"values":[0.7059414010430055,0.7758833044601126,0.7768554264915581,0.7780301629001997,0.7759700322943994],"mean":0.7625360654378551,"std":0.03164920002995573,"se":0.014153952540093877,"ub":0.7927101236036409,"lb":0.7323620072720693},"auprg_0":{"values":[-0.06334204057074753,-0.011137598424491647,-0.010226780284795803,-0.0030254269187990138,-0.013729853537274746],"mean":-0.02029233994722175,"std":0.02439064380481225,"se":0.01090782751250886,"ub":0.0029614770266916945,"lb":-0.04354615692113519},"aupr_1":{"values":[0.17460187752411532,0.21852535403620407,0.21920305086394437,0.220705228831542,0.21577752551647766],"mean":0.20976260735445668,"std":0.019736418308251492,"se":0.008826394593924347,"ub":0.22857912826031831,"lb":0.19094608644859504},"auprg_1":{"values":[-0.45668604368603055,-0.02794465986539316,-0.02047614860889978,-0.010432637751510779,-0.04109013699510201],"mean":-0.11132592538138726,"std":0.1933857868051998,"se":0.08648475303574173,"ub":0.07304631701252266,"lb":-0.29569816777529717},"macro_aupr":{"values":[0.4402716392835604,0.4972043292481583,0.4980292386777513,0.4993676958658708,0.49587377890543854],"mean":0.4861493363961559,"std":0.025677800951016426,"se":0.011483461687836295,"ub":0.5106303172339682,"lb":0.46166835555834346},"macro_auprg":{"values":[-0.260014042128389,-0.019541129144942403,-0.015351464446847792,-0.006729032335154896,-0.027409995266188376],"mean":-0.06580913266430449,"std":0.10882003871000241,"se":0.04866580077394478,"ub":0.0379388980767828,"lb":-0.1695571634053918},"loss":{"values":[0.7064653038978577,0.6954042911529541,0.6953398585319519,0.6952632069587708,0.6954415440559387],"mean":0.6975828409194946,"std":0.004965910222381353,"se":0.0022208225654811605,"ub":0.7023172943576347,"lb":0.6928483874813546}}