{"loss":0.436275452375412,"precision_0":0.9170120358467102,"precision_1":0.9902467131614685,"recall_0":0.9980340003967285,"recall_1":0.6884722709655762,"f1_0":0.9558090567588806,"f1_1":0.8122352957725525,"f1_gain_0":0.840532124042511,"f1_gain_1":0.9329774975776672,"accuracy":0.8432531356811523,"f1_micro":0.92845618724823,"f1_macro":0.8840221762657166,"mcc":0.7892012000083923,"f1_gain_macro":0.8867548108100891,"cohens_kappa":0.7697951793670654,"aupr_0":0.9856133677090733,"auprg_0":0.17373593405567542,"aupr_1":0.9041085100906696,"auprg_1":0.9792759625682362,"macro_aupr":0.9448609388998714,"macro_auprg":0.5765059483119558}